{
    "name": "root",
    "gauges": {
        "KartAgent.Policy.Entropy.mean": {
            "value": 1.4532110691070557,
            "min": 1.4164400100708008,
            "max": 1.4610215425491333,
            "count": 143
        },
        "KartAgent.Policy.ExtrinsicValueEstimate.mean": {
            "value": 0.226515993475914,
            "min": 0.15088051557540894,
            "max": 0.2768833637237549,
            "count": 143
        },
        "KartAgent.Policy.CuriosityValueEstimate.mean": {
            "value": 0.01902700774371624,
            "min": 0.010394430719316006,
            "max": 0.13116396963596344,
            "count": 143
        },
        "KartAgent.Environment.EpisodeLength.mean": {
            "value": 11999.0,
            "min": 121.6,
            "max": 11999.0,
            "count": 105
        },
        "KartAgent.Environment.CumulativeReward.mean": {
            "value": 26.796824313962134,
            "min": -0.17015209496021272,
            "max": 34.091599367558956,
            "count": 105
        },
        "KartAgent.Policy.ExtrinsicReward.mean": {
            "value": 26.796824313962134,
            "min": -0.17015209496021272,
            "max": 34.091599367558956,
            "count": 105
        },
        "KartAgent.Policy.CuriosityReward.mean": {
            "value": 1.6905112148961052,
            "min": 0.0,
            "max": 16.47040865069721,
            "count": 105
        },
        "KartAgent.IsTraining.mean": {
            "value": 1.0,
            "min": 1.0,
            "max": 1.0,
            "count": 143
        },
        "KartAgent.Losses.PolicyLoss.mean": {
            "value": 0.13978887611689667,
            "min": 0.06824317899123164,
            "max": 0.14826319440551694,
            "count": 142
        },
        "KartAgent.Losses.ValueLoss.mean": {
            "value": 0.00012046830747547372,
            "min": 5.542163467073607e-06,
            "max": 0.018850215737434662,
            "count": 142
        },
        "KartAgent.Policy.LearningRate.mean": {
            "value": 0.00030000000000000003,
            "min": 0.0002999999999999999,
            "max": 0.00030000000000000003,
            "count": 142
        },
        "KartAgent.Policy.Epsilon.mean": {
            "value": 0.2,
            "min": 0.2,
            "max": 0.20000000000000004,
            "count": 142
        },
        "KartAgent.Policy.Beta.mean": {
            "value": 0.005,
            "min": 0.004999999999999998,
            "max": 0.005,
            "count": 142
        },
        "KartAgent.Losses.CuriosityForwardLoss.mean": {
            "value": 0.006479551914898265,
            "min": 0.0016783715994020197,
            "max": 0.09972906886091495,
            "count": 142
        },
        "KartAgent.Losses.CuriosityInverseLoss.mean": {
            "value": 0.08289301368511386,
            "min": 0.03630381662637061,
            "max": 0.6218662021118541,
            "count": 142
        }
    },
    "metadata": {
        "timer_format_version": "0.1.0",
        "start_time_seconds": "1610268858",
        "python_version": "3.8.6 (tags/v3.8.6:db45529, Sep 23 2020, 15:52:53) [MSC v.1927 64 bit (AMD64)]",
        "command_line_arguments": "C:\\Users\\VandeRyckMarnixstude\\AppData\\Local\\Programs\\Python\\Python38\\Scripts\\mlagents-learn KartAIcing.yml --resume --run-id=mx11",
        "mlagents_version": "0.22.0",
        "mlagents_envs_version": "0.22.0",
        "communication_protocol_version": "1.2.0",
        "pytorch_version": "1.7.0",
        "numpy_version": "1.18.5",
        "end_time_seconds": "1610273928"
    },
    "total": 5070.136415800001,
    "count": 1,
    "self": 0.2774122000000716,
    "children": {
        "run_training.setup": {
            "total": 0.014278299999999966,
            "count": 1,
            "self": 0.014278299999999966
        },
        "TrainerController.start_learning": {
            "total": 5069.8447253,
            "count": 1,
            "self": 2.6121362999147095,
            "children": {
                "TrainerController._reset_env": {
                    "total": 12.5172847,
                    "count": 1,
                    "self": 12.5172847
                },
                "TrainerController.advance": {
                    "total": 5054.632146400086,
                    "count": 94851,
                    "self": 1.279027700212282,
                    "children": {
                        "env_step": {
                            "total": 5053.353118699873,
                            "count": 94851,
                            "self": 4728.52118979998,
                            "children": {
                                "SubprocessEnvManager._take_step": {
                                    "total": 323.3967140999231,
                                    "count": 94851,
                                    "self": 7.82728259988977,
                                    "children": {
                                        "TorchPolicy.evaluate": {
                                            "total": 315.5694315000333,
                                            "count": 94851,
                                            "self": 93.41456660005676,
                                            "children": {
                                                "TorchPolicy.sample_actions": {
                                                    "total": 222.15486489997656,
                                                    "count": 94851,
                                                    "self": 222.15486489997656
                                                }
                                            }
                                        }
                                    }
                                },
                                "workers": {
                                    "total": 1.435214799970785,
                                    "count": 94850,
                                    "self": 0.0,
                                    "children": {
                                        "worker_root": {
                                            "total": 5055.048041300011,
                                            "count": 94850,
                                            "is_parallel": true,
                                            "self": 3126.3024462999906,
                                            "children": {
                                                "steps_from_proto": {
                                                    "total": 0.0008771999999996893,
                                                    "count": 1,
                                                    "is_parallel": true,
                                                    "self": 0.00013689999999932922,
                                                    "children": {
                                                        "_process_vector_observation": {
                                                            "total": 0.0007403000000003601,
                                                            "count": 2,
                                                            "is_parallel": true,
                                                            "self": 0.0007403000000003601
                                                        }
                                                    }
                                                },
                                                "UnityEnvironment.step": {
                                                    "total": 1928.7447178000207,
                                                    "count": 94850,
                                                    "is_parallel": true,
                                                    "self": 9.564740100016934,