{"cameraMode":{"drawMode":0,"name":"Shaded","section":"Shading Mode"},"sceneLighting":false,"audioPlay":false,"sceneViewState":{"showFog":true,"showMaterialUpdate":true,"showSkybox":false,"showFlares":true,"showImageEffects":true,"showParticleSystems":true},"in2DMode":false,"pivot":{"x":5.096795558929443,"y":4.290414810180664,"z":29.037296295166017},"rotation":{"x":-0.39851030707359316,"y":-0.4806138873100281,"z":0.2600049674510956,"w":-0.7366313338279724},"size":7.803717613220215,"orthographic":false}