{"cameraMode":{"drawMode":0,"name":"Shaded","section":"Shading Mode"},"sceneLighting":false,"audioPlay":false,"sceneViewState":{"showFog":true,"showMaterialUpdate":true,"showSkybox":false,"showFlares":true,"showImageEffects":true,"showParticleSystems":true},"in2DMode":false,"pivot":{"x":-71.67851257324219,"y":5.824995517730713,"z":57.97389602661133},"rotation":{"x":0.21555601060390473,"y":-0.04559607431292534,"z":0.010516169480979443,"w":0.9754881858825684},"size":11.404786109924317,"orthographic":false}