{"cameraMode":{"drawMode":0,"name":"Shaded","section":"Shading Mode"},"sceneLighting":false,"audioPlay":false,"sceneViewState":{"showFog":true,"showMaterialUpdate":true,"showSkybox":false,"showFlares":true,"showImageEffects":true,"showParticleSystems":true},"in2DMode":false,"pivot":{"x":-8.449812889099121,"y":18.142412185668947,"z":25.115333557128908},"rotation":{"x":-0.0561031810939312,"y":-0.90355384349823,"z":0.4061117470264435,"w":-0.12491852790117264},"size":5.5424485206604,"orthographic":false}