{"cameraMode":{"drawMode":0,"name":"Shaded","section":"Shading Mode"},"sceneLighting":true,"audioPlay":false,"sceneViewState":{"showFog":true,"showMaterialUpdate":true,"showSkybox":true,"showFlares":true,"showImageEffects":true,"showParticleSystems":true},"in2DMode":false,"pivot":{"x":-75.39659118652344,"y":4.294299602508545,"z":-0.5809001326560974},"rotation":{"x":0.23550142347812653,"y":0.1132117360830307,"z":-0.02808547392487526,"w":0.9650631546974182},"size":7.0717854499816898,"orthographic":false}