{"cameraMode":{"drawMode":0,"name":"Shaded","section":"Shading Mode"},"sceneLighting":false,"audioPlay":false,"sceneViewState":{"showFog":true,"showMaterialUpdate":true,"showSkybox":false,"showFlares":true,"showImageEffects":true,"showParticleSystems":true},"in2DMode":false,"pivot":{"x":-12.829364776611329,"y":-7.495288848876953,"z":36.696044921875},"rotation":{"x":0.10151968151330948,"y":0.7988762259483337,"z":-0.1413714438676834,"w":0.576115608215332},"size":52.230445861816409,"orthographic":false}