{"cameraMode":{"drawMode":0,"name":"Shaded","section":"Shading Mode"},"sceneLighting":false,"audioPlay":false,"sceneViewState":{"showFog":true,"showMaterialUpdate":true,"showSkybox":false,"showFlares":true,"showImageEffects":true,"showParticleSystems":true},"in2DMode":false,"pivot":{"x":4.885014533996582,"y":0.656000018119812,"z":10.000001907348633},"rotation":{"x":-0.19745996594429017,"y":-0.7960211634635925,"z":0.3435177505016327,"w":-0.4575743079185486},"size":11.739837646484375,"orthographic":false}