{"cameraMode":{"drawMode":0,"name":"Shaded","section":"Shading Mode"},"sceneLighting":false,"audioPlay":false,"sceneViewState":{"showFog":true,"showMaterialUpdate":true,"showSkybox":false,"showFlares":true,"showImageEffects":true,"showParticleSystems":true},"in2DMode":false,"pivot":{"x":-75.92350769042969,"y":33.76865768432617,"z":71.55107116699219},"rotation":{"x":-0.22631633281707765,"y":-0.7649931907653809,"z":0.3565169870853424,"w":-0.4865420460700989},"size":11.237244606018067,"orthographic":false}