{"cameraMode":{"drawMode":0,"name":"Shaded","section":"Shading Mode"},"sceneLighting":false,"audioPlay":false,"sceneViewState":{"showFog":true,"showMaterialUpdate":true,"showSkybox":false,"showFlares":true,"showImageEffects":true,"showParticleSystems":true},"in2DMode":false,"pivot":{"x":7.8580193519592289,"y":0.7576026916503906,"z":9.863974571228028},"rotation":{"x":0.29603973031044009,"y":0.0458255372941494,"z":-0.01422050129622221,"w":0.9539780020713806},"size":15.187893867492676,"orthographic":false}