{"count":1,"self":212.9225856,"total":5059.592197,"children":{"InitializeActuators":{"count":15,"self":0.0019993999999999997,"total":0.0019993999999999997,"children":null},"InitializeSensors":{"count":15,"self":0.0030307,"total":0.0030307,"children":null},"AgentSendState":{"count":94867,"self":56.065670399999995,"total":289.7193716,"children":{"CollectObservations":{"count":1423005,"self":11.753411199999999,"total":11.7534108,"children":null},"CollectDiscreteActionMasks":{"count":1423005,"self":11.183956799999999,"total":11.183957099999999,"children":null},"RequestDecision":{"count":1423005,"self":34.825443199999995,"total":210.71633079999998,"children":{"AgentInfo.ToProto":{"count":1423005,"self":26.520910399999998,"total":175.8908868,"children":{"GenerateSensorData":{"count":1423005,"self":41.3504128,"total":149.3699767,"children":{"RayPerceptionSensor.Perceive":{"count":1423005,"self":108.0195584,"total":108.0195648,"children":null}}}}}}}}},"DecideAction":{"count":94867,"self":4552.6777856,"total":4552.6775929999994,"children":null},"AgentAct":{"count":94867,"self":4.2328996,"total":4.2398804,"children":{"AgentInfo.ToProto":{"count":57,"self":0.0020035,"total":0.0069806999999999994,"children":{"GenerateSensorData":{"count":57,"self":0.0020069,"total":0.0049772,"children":{"RayPerceptionSensor.Perceive":{"count":57,"self":0.0029703,"total":0.0029703,"children":null}}}}}}},"AgentInfo.ToProto":{"count":190,"self":0.0039876,"total":0.0257289,"children":{"GenerateSensorData":{"count":190,"self":0.0039809,"total":0.021741299999999998,"children":{"RayPerceptionSensor.Perceive":{"count":190,"self":0.0177604,"total":0.0177604,"children":null}}}}}},"gauges":{"KartAgent.CumulativeReward":{"count":247,"max":34.0923462,"min":-0.206396222,"runningAverage":12.9024334,"value":26.7981968,"weightedAverage":14.8625126}},"metadata":{"timer_format_version":"0.1.0","start_time_seconds":"1610268868","unity_version":"2019.4.1f1","command_line_arguments":"D:\\Unity\\2019.4.1f1\\Editor\\Unity.exe -projectpath C:\/Users\/VandeRyckMarnixstude\/Desktop\/VR\/RacingAIReal\/final-assignment-Marnixvdr -useHub -hubIPC -cloudEnvironment production -hubSessionId f26f6e00-52d6-11eb-bd40-15a4656fe15f","communication_protocol_version":"1.2.0","com.unity.ml-agents_version":"1.5.0-preview","scene_name":"SampleScene","end_time_seconds":"1610273928"}}