{"count":1,"self":346.58117119999997,"total":8265.8521097,"children":{"InitializeActuators":{"count":15,"self":0.0019982,"total":0.0019982,"children":null},"InitializeSensors":{"count":15,"self":0.0030339,"total":0.0030339,"children":null},"AgentSendState":{"count":152534,"self":93.821407999999991,"total":479.74411749999996,"children":{"CollectObservations":{"count":2288010,"self":19.399353599999998,"total":19.399353299999998,"children":null},"CollectDiscreteActionMasks":{"count":2288010,"self":19.103552,"total":19.103552,"children":null},"RequestDecision":{"count":2288010,"self":57.5814848,"total":347.4198015,"children":{"AgentInfo.ToProto":{"count":2288010,"self":43.7060192,"total":289.83831729999997,"children":{"GenerateSensorData":{"count":2288010,"self":68.2045888,"total":246.1322976,"children":{"RayPerceptionSensor.Perceive":{"count":2288010,"self":177.9277056,"total":177.9277066,"children":null}}}}}}}}},"DecideAction":{"count":152534,"self":7432.0273407999994,"total":7432.0274614,"children":null},"AgentAct":{"count":152534,"self":7.197,"total":7.1969997,"children":null},"AgentInfo.ToProto":{"count":1763,"self":0.0578973,"total":0.2963266,"children":{"GenerateSensorData":{"count":1763,"self":0.073788899999999991,"total":0.23842929999999998,"children":{"RayPerceptionSensor.Perceive":{"count":1763,"self":0.1646404,"total":0.1646404,"children":null}}}}}},"gauges":{"KartAgent.CumulativeReward":{"count":1763,"max":4.010873,"min":-0.3648628,"runningAverage":3.019329,"value":3.84111261,"weightedAverage":3.31472945}},"metadata":{"timer_format_version":"0.1.0","start_time_seconds":"1610208598","unity_version":"2019.4.1f1","command_line_arguments":"D:\\Unity\\2019.4.1f1\\Editor\\Unity.exe -projectpath C:\/Users\/VandeRyckMarnixstude\/Desktop\/VR\/RacingAIReal\/final-assignment-Marnixvdr -useHub -hubIPC -cloudEnvironment production -hubSessionId 97ed95e0-520b-11eb-91ba-3fd3cf4a04b4","communication_protocol_version":"1.2.0","com.unity.ml-agents_version":"1.5.0-preview","scene_name":"SampleScene","end_time_seconds":"1610216864"}}