{"count":1,"self":56.8688,"total":59.9935961,"children":{"InitializeActuators":{"count":1,"self":0.0030009999999999998,"total":0.0030009999999999998,"children":null},"InitializeSensors":{"count":1,"self":0.0029955999999999997,"total":0.0029955999999999997,"children":null},"AgentSendState":{"count":2725,"self":0.2286329,"total":2.9250648999999997,"children":{"CollectObservations":{"count":2725,"self":0.035020499999999996,"total":0.035020499999999996,"children":null},"CollectDiscreteActionMasks":{"count":2725,"self":0.0316257,"total":0.0316257,"children":null},"RequestDecision":{"count":2725,"self":2.2450492,"total":2.6297858,"children":{"RayPerceptionSensor.Perceive":{"count":2725,"self":0.3847366,"total":0.3847366,"children":null}}}}},"DecideAction":{"count":2725,"self":0.11898159999999999,"total":0.11898159999999999,"children":null},"AgentAct":{"count":2725,"self":0.0488416,"total":0.0488416,"children":null},"RayPerceptionSensor.Perceive":{"count":253,"self":0.024089299999999998,"total":0.024089299999999998,"children":null}},"gauges":{"KartAgent.CumulativeReward":{"count":253,"max":32.176754,"min":-0.0001,"runningAverage":0.246381015,"value":-1E-15,"weightedAverage":5.87769056E-10}},"metadata":{"timer_format_version":"0.1.0","start_time_seconds":"1610021968","unity_version":"2019.4.1f1","command_line_arguments":"D:\\Unity\\2019.4.1f1\\Editor\\Unity.exe -projectpath C:\/Users\/VandeRyckMarnixstude\/Desktop\/VR\/RacingAIReal\/final-assignment-Marnixvdr -useHub -hubIPC -cloudEnvironment production -hubSessionId d0b39d80-5075-11eb-805f-f3aba2f99ca2","communication_protocol_version":"1.2.0","com.unity.ml-agents_version":"1.5.0-preview","scene_name":"SampleScene","end_time_seconds":"1610022028"}}