{"count":1,"self":2230.2021632,"total":26054.7873214,"children":{"InitializeActuators":{"count":3,"self":0.0020001,"total":0.0020001,"children":null},"InitializeSensors":{"count":3,"self":0.0030007999999999996,"total":0.0030007999999999996,"children":null},"AgentSendState":{"count":1541417,"self":231.513216,"total":1129.0003656,"children":{"CollectObservations":{"count":4624251,"self":45.825529599999996,"total":45.825529599999996,"children":null},"CollectDiscreteActionMasks":{"count":4624251,"self":43.7400032,"total":43.7400038,"children":null},"RequestDecision":{"count":4624251,"self":130.14552319999999,"total":807.92162279999991,"children":{"AgentInfo.ToProto":{"count":4624251,"self":102.29059199999999,"total":677.7761042,"children":{"GenerateSensorData":{"count":4624251,"self":153.02698239999998,"total":575.48550979999993,"children":{"RayPerceptionSensor.Perceive":{"count":4624251,"self":422.4585216,"total":422.4585304,"children":null}}}}}}}}},"DecideAction":{"count":1541417,"self":22657.3959168,"total":22657.39609,"children":null},"AgentAct":{"count":1541417,"self":34.2240192,"total":34.2803173,"children":{"AgentInfo.ToProto":{"count":424,"self":0.0110894,"total":0.056298799999999996,"children":{"GenerateSensorData":{"count":424,"self":0.0141506,"total":0.0452094,"children":{"RayPerceptionSensor.Perceive":{"count":424,"self":0.031058799999999998,"total":0.031058799999999998,"children":null}}}}}}},"AgentInfo.ToProto":{"count":21672,"self":0.75702229999999993,"total":3.9024777,"children":{"GenerateSensorData":{"count":21672,"self":0.8703164,"total":3.1454554,"children":{"RayPerceptionSensor.Perceive":{"count":21672,"self":2.275139,"total":2.275139,"children":null}}}}}},"gauges":{"KartAgent.CumulativeReward":{"count":22096,"max":21.11987,"min":-7.032021,"runningAverage":0.391137272,"value":-0.4362844,"weightedAverage":-0.1311484}},"metadata":{"timer_format_version":"0.1.0","start_time_seconds":"1610074315","unity_version":"2019.4.1f1","command_line_arguments":"D:\\Unity\\2019.4.1f1\\Editor\\Unity.exe -projectpath C:\/Users\/VandeRyckMarnixstude\/Desktop\/VR\/RacingAIReal\/final-assignment-Marnixvdr -useHub -hubIPC -cloudEnvironment production -hubSessionId 67b49d40-5122-11eb-97d8-5b150ddf3702","communication_protocol_version":"1.2.0","com.unity.ml-agents_version":"1.5.0-preview","scene_name":"SampleScene","end_time_seconds":"1610100370"}}