{"count":1,"self":72.7166976,"total":367.1070986,"children":{"InitializeActuators":{"count":4,"self":0.0009999,"total":0.0009999,"children":null},"InitializeSensors":{"count":4,"self":0.0029988999999999997,"total":0.0029988999999999997,"children":null},"AgentSendState":{"count":17134,"self":3.135056,"total":16.065869,"children":{"CollectObservations":{"count":68536,"self":0.64167069999999993,"total":0.64167069999999993,"children":null},"CollectDiscreteActionMasks":{"count":68536,"self":0.67022399999999993,"total":0.67022399999999993,"children":null},"RequestDecision":{"count":68536,"self":1.8500409999999998,"total":11.6189182,"children":{"AgentInfo.ToProto":{"count":68536,"self":1.3966300999999999,"total":9.7688772,"children":{"GenerateSensorData":{"count":68536,"self":2.1800466,"total":8.3722471,"children":{"RayPerceptionSensor.Perceive":{"count":68536,"self":6.1922004,"total":6.1922004999999993,"children":null}}}}}}}}},"DecideAction":{"count":17134,"self":277.86772479999996,"total":277.86771799999997,"children":null},"AgentAct":{"count":17134,"self":0.44382479999999996,"total":0.44583,"children":{"AgentInfo.ToProto":{"count":6,"self":0,"total":0.0020052,"children":{"GenerateSensorData":{"count":6,"self":0.00099899999999999989,"total":0.0020052,"children":{"RayPerceptionSensor.Perceive":{"count":6,"self":0.0010061999999999998,"total":0.0010061999999999998,"children":null}}}}}}},"AgentInfo.ToProto":{"count":47,"self":0.0020149,"total":0.0069854,"children":{"GenerateSensorData":{"count":47,"self":0,"total":0.0049705,"children":{"RayPerceptionSensor.Perceive":{"count":47,"self":0.0049705,"total":0.0049705,"children":null}}}}}},"gauges":{"KartAgent.CumulativeReward":{"count":53,"max":3.68261957,"min":-5.7836957,"runningAverage":1.28845263,"value":2.14370012,"weightedAverage":1.92472768}},"metadata":{"timer_format_version":"0.1.0","start_time_seconds":"1610103547","unity_version":"2019.4.1f1","command_line_arguments":"D:\\Unity\\2019.4.1f1\\Editor\\Unity.exe -projectpath C:\/Users\/VandeRyckMarnixstude\/Desktop\/VR\/RacingAIReal\/final-assignment-Marnixvdr -useHub -hubIPC -cloudEnvironment production -hubSessionId 67b49d40-5122-11eb-97d8-5b150ddf3702","communication_protocol_version":"1.2.0","com.unity.ml-agents_version":"1.5.0-preview","scene_name":"SampleScene","end_time_seconds":"1610103914"}}