{"count":1,"self":166.07527679999998,"total":184.50550439999998,"children":{"InitializeActuators":{"count":3,"self":0.0010008999999999999,"total":0.0010008999999999999,"children":null},"InitializeSensors":{"count":3,"self":0.0010012999999999999,"total":0.0010012999999999999,"children":null},"AgentSendState":{"count":8997,"self":0.9308259,"total":1.5885734999999999,"children":{"CollectObservations":{"count":26991,"self":0.18224269999999998,"total":0.18224269999999998,"children":null},"CollectDiscreteActionMasks":{"count":26991,"self":0.1771674,"total":0.1771674,"children":null},"RequestDecision":{"count":26991,"self":0.2983375,"total":0.2983375,"children":null}}},"DecideAction":{"count":8997,"self":7.1970703999999994,"total":16.7475692,"children":{"RayPerceptionSensor.Perceive":{"count":26991,"self":9.5504991999999991,"total":9.550499,"children":null}}},"AgentAct":{"count":8997,"self":0.092086199999999993,"total":0.092086199999999993,"children":null}},"gauges":{"KartAgent.CumulativeReward":{"count":1,"max":22.2677536,"min":22.2677536,"runningAverage":22.2677536,"value":22.2677536,"weightedAverage":22.2677536}},"metadata":{"timer_format_version":"0.1.0","start_time_seconds":"1610865339","unity_version":"2019.4.1f1","command_line_arguments":"C:\\Program Files\\Unity\\Hub\\Editor\\2019.4.1f1\\Editor\\Unity.exe -projectpath C:\/Users\/ayman\/OneDrive\/Documenten\/final-assignment-Marnixvdr -useHub -hubIPC -cloudEnvironment production -hubSessionId 1dd37580-581f-11eb-9aff-19c11770e4ca -accessToken cfStAhmCYYot897Ru30CCjUEq0W-ejKRq7DcA96Watc008f","communication_protocol_version":"1.2.0","com.unity.ml-agents_version":"1.5.0-preview","scene_name":"SampleScene","end_time_seconds":"1610865524"}}