{
    "name": "root",
    "gauges": {
        "KartAgent.Policy.Entropy.mean": {
            "value": 1.3249446153640747,
            "min": 1.3249446153640747,
            "max": 1.4189468622207642,
            "count": 33
        },
        "KartAgent.Policy.ExtrinsicValueEstimate.mean": {
            "value": -0.06138179451227188,
            "min": -0.16467279195785522,
            "max": 0.18537501990795135,
            "count": 33
        },
        "KartAgent.Policy.CuriosityValueEstimate.mean": {
            "value": 0.012858958914875984,
            "min": -0.07830590009689331,
            "max": 0.020644130185246468,
            "count": 33
        },
        "KartAgent.Environment.EpisodeLength.mean": {
            "value": 145.0735294117647,
            "min": 121.34177215189874,
            "max": 1659.4,
            "count": 33
        },
        "KartAgent.Environment.CumulativeReward.mean": {
            "value": 0.11811906252713765,
            "min": -1.9622615564924974,
            "max": 0.11811906252713765,
            "count": 33
        },
        "KartAgent.Policy.ExtrinsicReward.mean": {
            "value": 0.11811906252713765,
            "min": -1.9622615564924974,
            "max": 0.11811906252713765,
            "count": 33
        },
        "KartAgent.Policy.CuriosityReward.mean": {
            "value": 0.04212468580055215,
            "min": 0.0,
            "max": 0.4326253320582004,
            "count": 33
        },
        "KartAgent.Losses.PolicyLoss.mean": {
            "value": 0.14008102062925137,
            "min": 0.12923136452503775,
            "max": 0.14399841501481003,
            "count": 33
        },
        "KartAgent.Losses.ValueLoss.mean": {
            "value": 0.007218398210126393,
            "min": 0.0012998948267757468,
            "max": 0.008720512268224007,
            "count": 33
        },
        "KartAgent.Policy.LearningRate.mean": {
            "value": 0.0003,
            "min": 0.0003,
            "max": 0.00030000000000000003,
            "count": 33
        },
        "KartAgent.Policy.Epsilon.mean": {
            "value": 0.2,
            "min": 0.2,
            "max": 0.20000000000000004,
            "count": 33
        },
        "KartAgent.Policy.Beta.mean": {
            "value": 0.004999999999999999,
            "min": 0.004999999999999998,
            "max": 0.005,
            "count": 33
        },
        "KartAgent.Losses.CuriosityForwardLoss.mean": {
            "value": 0.011053776768628286,
            "min": 0.0018622767102400796,
            "max": 0.018531994594535393,
            "count": 33
        },
        "KartAgent.Losses.CuriosityInverseLoss.mean": {
            "value": 0.0854582330191438,
            "min": 0.0850117029580805,
            "max": 0.22407950477467642,
            "count": 33
        },
        "KartAgent.IsTraining.mean": {
            "value": 1.0,
            "min": 1.0,
            "max": 1.0,
            "count": 33
        }
    },
    "metadata": {
        "timer_format_version": "0.1.0",
        "start_time_seconds": "1610115948",
        "python_version": "3.8.6 (tags/v3.8.6:db45529, Sep 23 2020, 15:52:53) [MSC v.1927 64 bit (AMD64)]",
        "command_line_arguments": "C:\\Users\\VandeRyckMarnixstude\\AppData\\Local\\Programs\\Python\\Python38\\Scripts\\mlagents-learn KartAIcing.yml --run-id=mx7",
        "mlagents_version": "0.22.0",
        "mlagents_envs_version": "0.22.0",
        "communication_protocol_version": "1.2.0",
        "pytorch_version": "1.7.0",
        "numpy_version": "1.18.5",
        "end_time_seconds": "1610117923"
    },
    "total": 1975.5412182,
    "count": 1,
    "self": 0.2866091000000779,
    "children": {
        "run_training.setup": {
            "total": 0.015459799999999913,
            "count": 1,
            "self": 0.015459799999999913
        },
        "TrainerController.start_learning": {
            "total": 1975.2391493,
            "count": 1,
            "self": 3.3576900000321075,
            "children": {
                "TrainerController._reset_env": {
                    "total": 8.677170100000001,
                    "count": 1,
                    "self": 8.677170100000001
                },
                "TrainerController.advance": {
                    "total": 1963.106908299968,
                    "count": 112301,
                    "self": 1.5419850999808205,
                    "children": {
                        "env_step": {
                            "total": 1961.564923199987,
                            "count": 112301,
                            "self": 1616.8502685000574,
                            "children": {
                                "SubprocessEnvManager._take_step": {
                                    "total": 343.0032010999558,
                                    "count": 112301,
                                    "self": 8.656538900004307,
                                    "children": {
                                        "TorchPolicy.evaluate": {
                                            "total": 334.3466621999515,
                                            "count": 112301,
                                            "self": 104.39762969989346,
                                            "children": {
                                                "TorchPolicy.sample_actions": {
                                                    "total": 229.94903250005802,
                                                    "count": 112301,
                                                    "self": 229.94903250005802
                                                }
                                            }
                                        }
                                    }
                                },
                                "workers": {
                                    "total": 1.711453599973952,
                                    "count": 112300,
                                    "self": 0.0,
                                    "children": {
                                        "worker_root": {
                                            "total": 1963.8912364000307,
                                            "count": 112300,
                                            "is_parallel": true,
                                            "self": 1085.2159019000337,
                                            "children": {
                                                "steps_from_proto": {
                                                    "total": 0.0004458000000004958,
                                                    "count": 1,
                                                    "is_parallel": true,
                                                    "self": 0.00010790000000060473,
                                                    "children": {
                                                        "_process_vector_observation": {
                                                            "total": 0.00033789999999989107,
                                                            "count": 2,
                                                            "is_parallel": true,
                                                            "self": 0.00033789999999989107
                                                        }
                                                    }
                                                },
                                                "UnityEnvironment.step": {
                                                    "total": 878.6748886999969,
                                                    "count": 112300,
                                                    "is_parallel": true,
                                                    "self": 8.921470900033114,