{
    "name": "root",
    "gauges": {
        "KartAgent.Policy.Entropy.mean": {
            "value": 1.4189568758010864,
            "min": 1.4189568758010864,
            "max": 1.4189568758010864,
            "count": 1
        },
        "KartAgent.Policy.ExtrinsicValueEstimate.mean": {
            "value": -0.04047257453203201,
            "min": -0.04047257453203201,
            "max": -0.04047257453203201,
            "count": 1
        },
        "KartAgent.Policy.CuriosityValueEstimate.mean": {
            "value": 0.005011886358261108,
            "min": 0.005011886358261108,
            "max": 0.005011886358261108,
            "count": 1
        },
        "KartAgent.Environment.EpisodeLength.mean": {
            "value": 4999.0,
            "min": 4999.0,
            "max": 4999.0,
            "count": 1
        },
        "KartAgent.Losses.PolicyLoss.mean": {
            "value": 0.1321067678029322,
            "min": 0.1321067678029322,
            "max": 0.1321067678029322,
            "count": 1
        },
        "KartAgent.Losses.ValueLoss.mean": {
            "value": 0.005151031511208234,
            "min": 0.005151031511208234,
            "max": 0.005151031511208234,
            "count": 1
        },
        "KartAgent.Policy.LearningRate.mean": {
            "value": 0.0003,
            "min": 0.0003,
            "max": 0.0003,
            "count": 1
        },
        "KartAgent.Policy.Epsilon.mean": {
            "value": 0.20000000000000004,
            "min": 0.20000000000000004,
            "max": 0.20000000000000004,
            "count": 1
        },
        "KartAgent.Policy.Beta.mean": {
            "value": 0.004999999999999999,
            "min": 0.004999999999999999,
            "max": 0.004999999999999999,
            "count": 1
        },
        "KartAgent.Losses.CuriosityForwardLoss.mean": {
            "value": 0.02513912957268379,
            "min": 0.02513912957268379,
            "max": 0.02513912957268379,
            "count": 1
        },
        "KartAgent.Losses.CuriosityInverseLoss.mean": {
            "value": 0.22294464388764218,
            "min": 0.22294464388764218,
            "max": 0.22294464388764218,
            "count": 1
        },
        "KartAgent.Environment.CumulativeReward.mean": {
            "value": -8.755700324254576,
            "min": -8.755700324254576,
            "max": -8.755700324254576,
            "count": 1
        },
        "KartAgent.Policy.ExtrinsicReward.mean": {
            "value": -8.755700324254576,
            "min": -8.755700324254576,
            "max": -8.755700324254576,
            "count": 1
        },
        "KartAgent.Policy.CuriosityReward.mean": {
            "value": 0.004481933399802074,
            "min": 0.004481933399802074,
            "max": 0.004481933399802074,
            "count": 1
        },
        "KartAgent.IsTraining.mean": {
            "value": 1.0,
            "min": 1.0,
            "max": 1.0,
            "count": 1
        }
    },
    "metadata": {
        "timer_format_version": "0.1.0",
        "start_time_seconds": "1610059115",
        "python_version": "3.8.6 (tags/v3.8.6:db45529, Sep 23 2020, 15:52:53) [MSC v.1927 64 bit (AMD64)]",
        "command_line_arguments": "C:\\Users\\VandeRyckMarnixstude\\AppData\\Local\\Programs\\Python\\Python38\\Scripts\\mlagents-learn kartAIcing.yml --run-id=test10",
        "mlagents_version": "0.22.0",
        "mlagents_envs_version": "0.22.0",
        "communication_protocol_version": "1.2.0",
        "pytorch_version": "1.7.0",
        "numpy_version": "1.18.5",
        "end_time_seconds": "1610059271"
    },
    "total": 155.9642084,
    "count": 1,
    "self": 0.23969279999997184,
    "children": {
        "run_training.setup": {
            "total": 0.022595800000000388,
            "count": 1,
            "self": 0.022595800000000388
        },
        "TrainerController.start_learning": {
            "total": 155.7019198,
            "count": 1,
            "self": 0.2645684999990294,
            "children": {
                "TrainerController._reset_env": {
                    "total": 17.4558415,
                    "count": 1,
                    "self": 17.4558415
                },
                "TrainerController.advance": {
                    "total": 137.827419600001,
                    "count": 8201,
                    "self": 0.12234680000273102,
                    "children": {
                        "env_step": {
                            "total": 137.70507279999828,
                            "count": 8201,
                            "self": 111.82502629999911,
                            "children": {
                                "SubprocessEnvManager._take_step": {
                                    "total": 25.753520199999528,
                                    "count": 8201,
                                    "self": 0.727719999998925,
                                    "children": {
                                        "TorchPolicy.evaluate": {
                                            "total": 25.025800200000603,
                                            "count": 8201,
                                            "self": 7.415333900001244,
                                            "children": {
                                                "TorchPolicy.sample_actions": {
                                                    "total": 17.61046629999936,
                                                    "count": 8201,
                                                    "self": 17.61046629999936
                                                }
                                            }
                                        }
                                    }
                                },
                                "workers": {
                                    "total": 0.12652629999963239,
                                    "count": 8200,
                                    "self": 0.0,
                                    "children": {
                                        "worker_root": {
                                            "total": 139.84101080000008,
                                            "count": 8200,
                                            "is_parallel": true,
                                            "self": 53.62175170000016,
                                            "children": {
                                                "steps_from_proto": {
                                                    "total": 0.0005349000000016702,
                                                    "count": 1,
                                                    "is_parallel": true,
                                                    "self": 0.00013770000000157268,
                                                    "children": {
                                                        "_process_vector_observation": {
                                                            "total": 0.0003972000000000975,
                                                            "count": 4,
                                                            "is_parallel": true,
                                                            "self": 0.0003972000000000975
                                                        }
                                                    }
                                                },
                                                "UnityEnvironment.step": {
                                                    "total": 86.21872419999991,
                                                    "count": 8200,
                                                    "is_parallel": true,
                                                    "self": 0.7926722999980598,