{
    "name": "root",
    "gauges": {
        "KartAgent.Policy.Entropy.mean": {
            "value": 1.3656796216964722,
            "min": 1.3656796216964722,
            "max": 1.4187405109405518,
            "count": 47
        },
        "KartAgent.Policy.ExtrinsicValueEstimate.mean": {
            "value": -0.012224981561303139,
            "min": -0.25594544410705566,
            "max": 0.01550776045769453,
            "count": 47
        },
        "KartAgent.Policy.CuriosityValueEstimate.mean": {
            "value": 0.006044874899089336,
            "min": -0.0067642321810126305,
            "max": 0.10524323582649231,
            "count": 47
        },
        "KartAgent.Environment.EpisodeLength.mean": {
            "value": 4999.0,
            "min": 4999.0,
            "max": 4999.0,
            "count": 47
        },
        "KartAgent.Losses.PolicyLoss.mean": {
            "value": 0.1423251591105428,
            "min": 0.10336780729030984,
            "max": 0.14748980513256457,
            "count": 47
        },
        "KartAgent.Losses.ValueLoss.mean": {
            "value": 0.004387975373125907,
            "min": 3.7172822147289884e-06,
            "max": 0.018038164847530423,
            "count": 47
        },
        "KartAgent.Policy.LearningRate.mean": {
            "value": 0.00030000000000000003,
            "min": 0.0003,
            "max": 0.00030000000000000003,
            "count": 47
        },
        "KartAgent.Policy.Epsilon.mean": {
            "value": 0.2,
            "min": 0.2,
            "max": 0.20000000000000004,
            "count": 47
        },
        "KartAgent.Policy.Beta.mean": {
            "value": 0.005,
            "min": 0.004999999999999999,
            "max": 0.005,
            "count": 47
        },
        "KartAgent.Losses.CuriosityForwardLoss.mean": {
            "value": 0.00182685820871686,
            "min": 0.00048770083452836843,
            "max": 0.02532578154026404,
            "count": 47
        },
        "KartAgent.Losses.CuriosityInverseLoss.mean": {
            "value": 0.18231051021979916,
            "min": 0.18231051021979916,
            "max": 0.22428898831927463,
            "count": 47
        },
        "KartAgent.Environment.CumulativeReward.mean": {
            "value": 4.540400408543064,
            "min": -22.751950979782123,
            "max": 5.349300326961384,
            "count": 47
        },
        "KartAgent.Policy.ExtrinsicReward.mean": {
            "value": 4.540400408543064,
            "min": -22.751950979782123,
            "max": 5.349300326961384,
            "count": 47
        },
        "KartAgent.Policy.CuriosityReward.mean": {
            "value": 0.6957398940903659,
            "min": 0.0046334511280292645,
            "max": 0.7217981735993817,
            "count": 47
        },
        "KartAgent.IsTraining.mean": {
            "value": 1.0,
            "min": 1.0,
            "max": 1.0,
            "count": 47
        }
    },
    "metadata": {
        "timer_format_version": "0.1.0",
        "start_time_seconds": "1610059280",
        "python_version": "3.8.6 (tags/v3.8.6:db45529, Sep 23 2020, 15:52:53) [MSC v.1927 64 bit (AMD64)]",
        "command_line_arguments": "C:\\Users\\VandeRyckMarnixstude\\AppData\\Local\\Programs\\Python\\Python38\\Scripts\\mlagents-learn kartAIcing.yml --run-id=test11",
        "mlagents_version": "0.22.0",
        "mlagents_envs_version": "0.22.0",
        "communication_protocol_version": "1.2.0",
        "pytorch_version": "1.7.0",
        "numpy_version": "1.18.5",
        "end_time_seconds": "1610063323"
    },
    "total": 4042.7054138,
    "count": 1,
    "self": 0.576161299999967,
    "children": {
        "run_training.setup": {
            "total": 0.015028000000000041,
            "count": 1,
            "self": 0.015028000000000041
        },
        "TrainerController.start_learning": {
            "total": 4042.1142245,
            "count": 1,
            "self": 6.81420310001522,
            "children": {
                "TrainerController._reset_env": {
                    "total": 39.0787029,
                    "count": 1,
                    "self": 39.0787029
                },
                "TrainerController.advance": {
                    "total": 3996.110112599985,
                    "count": 235467,
                    "self": 3.424960700017891,
                    "children": {
                        "env_step": {
                            "total": 3992.685151899967,
                            "count": 235467,
                            "self": 3272.5345012998955,
                            "children": {
                                "SubprocessEnvManager._take_step": {
                                    "total": 716.5473793000272,
                                    "count": 235467,
                                    "self": 18.131468500055234,
                                    "children": {
                                        "TorchPolicy.evaluate": {
                                            "total": 698.4159107999719,
                                            "count": 235467,
                                            "self": 221.64001959999007,
                                            "children": {
                                                "TorchPolicy.sample_actions": {
                                                    "total": 476.77589119998186,
                                                    "count": 235467,
                                                    "self": 476.77589119998186
                                                }
                                            }
                                        }
                                    }
                                },
                                "workers": {
                                    "total": 3.603271300044341,
                                    "count": 235466,
                                    "self": 0.0,
                                    "children": {
                                        "worker_root": {
                                            "total": 3995.7516743999895,
                                            "count": 235466,
                                            "is_parallel": true,
                                            "self": 1654.9647770000302,
                                            "children": {
                                                "steps_from_proto": {
                                                    "total": 0.0007292000000020948,
                                                    "count": 1,
                                                    "is_parallel": true,
                                                    "self": 0.00016870000000324126,
                                                    "children": {
                                                        "_process_vector_observation": {
                                                            "total": 0.0005604999999988536,
                                                            "count": 4,
                                                            "is_parallel": true,
                                                            "self": 0.0005604999999988536
                                                        }
                                                    }
                                                },
                                                "UnityEnvironment.step": {
                                                    "total": 2340.7861681999593,
                                                    "count": 235466,
                                                    "is_parallel": true,
                                                    "self": 19.804444500083264,