{
    "name": "root",
    "metadata": {
        "timer_format_version": "0.1.0",
        "start_time_seconds": "1609978040",
        "python_version": "3.8.6 (tags/v3.8.6:db45529, Sep 23 2020, 15:52:53) [MSC v.1927 64 bit (AMD64)]",
        "command_line_arguments": "C:\\Users\\VandeRyckMarnixstude\\AppData\\Local\\Programs\\Python\\Python38\\Scripts\\mlagents-learn --force --run-id test5",
        "mlagents_version": "0.22.0",
        "mlagents_envs_version": "0.22.0",
        "communication_protocol_version": "1.2.0",
        "pytorch_version": "1.7.0",
        "numpy_version": "1.18.5",
        "end_time_seconds": "1609978182"
    },
    "total": 141.7035709,
    "count": 1,
    "self": 0.28144040000000814,
    "children": {
        "run_training.setup": {
            "total": 0.017872699999999853,
            "count": 1,
            "self": 0.017872699999999853
        },
        "TrainerController.start_learning": {
            "total": 141.40425779999998,
            "count": 1,
            "self": 0.4016478999998583,
            "children": {
                "TrainerController._reset_env": {
                    "total": 8.6290297,
                    "count": 1,
                    "self": 8.6290297
                },
                "TrainerController.advance": {
                    "total": 132.26205730000012,
                    "count": 12117,
                    "self": 0.16773590000130412,
                    "children": {
                        "env_step": {
                            "total": 132.09432139999882,
                            "count": 12117,
                            "self": 96.10966229999974,
                            "children": {
                                "SubprocessEnvManager._take_step": {
                                    "total": 35.802275499999986,
                                    "count": 12117,
                                    "self": 1.0301439000009438,
                                    "children": {
                                        "TorchPolicy.evaluate": {
                                            "total": 34.77213159999904,
                                            "count": 12117,
                                            "self": 11.916949899999615,
                                            "children": {
                                                "TorchPolicy.sample_actions": {
                                                    "total": 22.855181699999427,
                                                    "count": 12117,
                                                    "self": 22.855181699999427
                                                }
                                            }
                                        }
                                    }
                                },
                                "workers": {
                                    "total": 0.18238359999909726,
                                    "count": 12116,
                                    "self": 0.0,
                                    "children": {
                                        "worker_root": {
                                            "total": 134.403383,
                                            "count": 12116,
                                            "is_parallel": true,
                                            "self": 52.63710550000046,
                                            "children": {
                                                "steps_from_proto": {
                                                    "total": 0.000665600000000488,
                                                    "count": 1,
                                                    "is_parallel": true,
                                                    "self": 0.0001778000000003388,
                                                    "children": {
                                                        "_process_vector_observation": {
                                                            "total": 0.0004878000000001492,
                                                            "count": 4,
                                                            "is_parallel": true,
                                                            "self": 0.0004878000000001492
                                                        }
                                                    }
                                                },
                                                "UnityEnvironment.step": {
                                                    "total": 81.76561189999953,
                                                    "count": 12116,
                                                    "is_parallel": true,
                                                    "self": 1.0532962000005028,
                                                    "children": {
                                                        "UnityEnvironment._generate_step_input": {
                                                            "total": 2.0844466999997575,
                                                            "count": 12116,
                                                            "is_parallel": true,
                                                            "self": 2.0844466999997575
                                                        },
                                                        "communicator.exchange": {
                                                            "total": 74.81116239999949,
                                                            "count": 12116,
                                                            "is_parallel": true,
                                                            "self": 74.81116239999949
                                                        },
                                                        "steps_from_proto": {
                                                            "total": 3.8167065999997725,
                                                            "count": 12116,
                                                            "is_parallel": true,
                                                            "self": 1.2312214999987976,
                                                            "children": {
                                                                "_process_vector_observation": {
                                                                    "total": 2.585485100000975,
                                                                    "count": 48464,
                                                                    "is_parallel": true,
                                                                    "self": 2.585485100000975
                                                                }
                                                            }
                                                        }
                                                    }
                                                }
                                            }
                                        }
                                    }
                                }
                            }
                        }
                    }
                },
                "trainer_threads": {
                    "total": 3.219999999259926e-05,
                    "count": 1,
                    "self": 3.219999999259926e-05,
                    "children": {
                        "thread_root": {
                            "total": 0.0,
                            "count": 0,
                            "is_parallel": true,
                            "self": 0.0,
                            "children": {
                                "trainer_advance": {
                                    "total": 132.42990790000005,