{
    "name": "root",
    "metadata": {
        "timer_format_version": "0.1.0",
        "start_time_seconds": "1609981969",
        "python_version": "3.8.6 (tags/v3.8.6:db45529, Sep 23 2020, 15:52:53) [MSC v.1927 64 bit (AMD64)]",
        "command_line_arguments": "C:\\Users\\VandeRyckMarnixstude\\AppData\\Local\\Programs\\Python\\Python38\\Scripts\\mlagents-learn kartAIcing.yml --force --run-id test5",
        "mlagents_version": "0.22.0",
        "mlagents_envs_version": "0.22.0",
        "communication_protocol_version": "1.2.0",
        "pytorch_version": "1.7.0",
        "numpy_version": "1.18.5",
        "end_time_seconds": "1609982004"
    },
    "total": 34.201251799999994,
    "count": 1,
    "self": 0.2739481999999924,
    "children": {
        "run_training.setup": {
            "total": 0.013815500000000203,
            "count": 1,
            "self": 0.013815500000000203
        },
        "TrainerController.start_learning": {
            "total": 33.9134881,
            "count": 1,
            "self": 0.04545619999999673,
            "children": {
                "TrainerController._reset_env": {
                    "total": 14.968103499999998,
                    "count": 1,
                    "self": 14.968103499999998
                },
                "TrainerController.advance": {
                    "total": 18.777740400000006,
                    "count": 1517,
                    "self": 0.01888010000017104,
                    "children": {
                        "env_step": {
                            "total": 18.758860299999835,
                            "count": 1517,
                            "self": 14.472641799999703,
                            "children": {
                                "SubprocessEnvManager._take_step": {
                                    "total": 4.267388100000023,
                                    "count": 1517,
                                    "self": 0.10367430000000866,
                                    "children": {
                                        "TorchPolicy.evaluate": {
                                            "total": 4.163713800000014,
                                            "count": 1517,
                                            "self": 1.488891500000058,
                                            "children": {
                                                "TorchPolicy.sample_actions": {
                                                    "total": 2.6748222999999562,
                                                    "count": 1517,
                                                    "self": 2.6748222999999562
                                                }
                                            }
                                        }
                                    }
                                },
                                "workers": {
                                    "total": 0.018830400000108938,
                                    "count": 1516,
                                    "self": 0.0,
                                    "children": {
                                        "worker_root": {
                                            "total": 20.42099449999998,
                                            "count": 1516,
                                            "is_parallel": true,
                                            "self": 7.554568500000105,
                                            "children": {
                                                "steps_from_proto": {
                                                    "total": 0.0005012000000004235,
                                                    "count": 1,
                                                    "is_parallel": true,
                                                    "self": 0.0001411000000004492,
                                                    "children": {
                                                        "_process_vector_observation": {
                                                            "total": 0.00036009999999997433,
                                                            "count": 4,
                                                            "is_parallel": true,
                                                            "self": 0.00036009999999997433
                                                        }
                                                    }
                                                },
                                                "UnityEnvironment.step": {
                                                    "total": 12.865924799999876,
                                                    "count": 1516,
                                                    "is_parallel": true,
                                                    "self": 0.10140869999992219,
                                                    "children": {
                                                        "UnityEnvironment._generate_step_input": {
                                                            "total": 0.21960040000004,
                                                            "count": 1516,
                                                            "is_parallel": true,
                                                            "self": 0.21960040000004
                                                        },
                                                        "communicator.exchange": {
                                                            "total": 12.166311099999978,
                                                            "count": 1516,
                                                            "is_parallel": true,
                                                            "self": 12.166311099999978
                                                        },
                                                        "steps_from_proto": {
                                                            "total": 0.37860459999993523,
                                                            "count": 1516,
                                                            "is_parallel": true,
                                                            "self": 0.11869469999985327,
                                                            "children": {
                                                                "_process_vector_observation": {
                                                                    "total": 0.25990990000008196,
                                                                    "count": 6064,
                                                                    "is_parallel": true,
                                                                    "self": 0.25990990000008196
                                                                }
                                                            }
                                                        }
                                                    }
                                                }
                                            }
                                        }
                                    }
                                }
                            }
                        }
                    }
                },
                "trainer_threads": {
                    "total": 2.880000000260452e-05,
                    "count": 1,
                    "self": 2.880000000260452e-05,
                    "children": {
                        "thread_root": {
                            "total": 0.0,
                            "count": 0,
                            "is_parallel": true,
                            "self": 0.0,