{
    "name": "root",
    "metadata": {
        "timer_format_version": "0.1.0",
        "start_time_seconds": "1609978929",
        "python_version": "3.8.6 (tags/v3.8.6:db45529, Sep 23 2020, 15:52:53) [MSC v.1927 64 bit (AMD64)]",
        "command_line_arguments": "C:\\Users\\VandeRyckMarnixstude\\AppData\\Local\\Programs\\Python\\Python38\\Scripts\\mlagents-learn kartAIcing.yml --force --run-id test5",
        "mlagents_version": "0.22.0",
        "mlagents_envs_version": "0.22.0",
        "communication_protocol_version": "1.2.0",
        "pytorch_version": "1.7.0",
        "numpy_version": "1.18.5",
        "end_time_seconds": "1609978987"
    },
    "total": 58.299522499999995,
    "count": 1,
    "self": 0.26088399999999723,
    "children": {
        "run_training.setup": {
            "total": 0.012532600000000116,
            "count": 1,
            "self": 0.012532600000000116
        },
        "TrainerController.start_learning": {
            "total": 58.0261059,
            "count": 1,
            "self": 0.12546199999985674,
            "children": {
                "TrainerController._reset_env": {
                    "total": 14.996009,
                    "count": 1,
                    "self": 14.996009
                },
                "TrainerController.advance": {
                    "total": 42.78237880000013,
                    "count": 4201,
                    "self": 0.054954299999863565,
                    "children": {
                        "env_step": {
                            "total": 42.72742450000027,
                            "count": 4201,
                            "self": 30.463711899999762,
                            "children": {
                                "SubprocessEnvManager._take_step": {
                                    "total": 12.209033400000258,
                                    "count": 4201,
                                    "self": 0.3027067000001047,
                                    "children": {
                                        "TorchPolicy.evaluate": {
                                            "total": 11.906326700000154,
                                            "count": 4201,
                                            "self": 4.147748100000008,
                                            "children": {
                                                "TorchPolicy.sample_actions": {
                                                    "total": 7.7585786000001455,
                                                    "count": 4201,
                                                    "self": 7.7585786000001455
                                                }
                                            }
                                        }
                                    }
                                },
                                "workers": {
                                    "total": 0.05467920000024762,
                                    "count": 4200,
                                    "self": 0.0,
                                    "children": {
                                        "worker_root": {
                                            "total": 44.49198569999999,
                                            "count": 4200,
                                            "is_parallel": true,
                                            "self": 18.438039600000003,
                                            "children": {
                                                "steps_from_proto": {
                                                    "total": 0.00041970000000013385,
                                                    "count": 1,
                                                    "is_parallel": true,
                                                    "self": 0.00011030000000111784,
                                                    "children": {
                                                        "_process_vector_observation": {
                                                            "total": 0.000309399999999016,
                                                            "count": 4,
                                                            "is_parallel": true,
                                                            "self": 0.000309399999999016
                                                        }
                                                    }
                                                },
                                                "UnityEnvironment.step": {
                                                    "total": 26.05352639999998,
                                                    "count": 4200,
                                                    "is_parallel": true,
                                                    "self": 0.30674969999948587,
                                                    "children": {
                                                        "UnityEnvironment._generate_step_input": {
                                                            "total": 0.6189061000001921,
                                                            "count": 4200,
                                                            "is_parallel": true,
                                                            "self": 0.6189061000001921
                                                        },
                                                        "communicator.exchange": {
                                                            "total": 24.015427099999982,
                                                            "count": 4200,
                                                            "is_parallel": true,
                                                            "self": 24.015427099999982
                                                        },
                                                        "steps_from_proto": {
                                                            "total": 1.112443500000321,
                                                            "count": 4200,
                                                            "is_parallel": true,
                                                            "self": 0.3592394000004404,
                                                            "children": {
                                                                "_process_vector_observation": {
                                                                    "total": 0.7532040999998806,
                                                                    "count": 16800,
                                                                    "is_parallel": true,
                                                                    "self": 0.7532040999998806
                                                                }
                                                            }
                                                        }
                                                    }
                                                }
                                            }
                                        }
                                    }
                                }
                            }
                        }
                    }
                },
                "trainer_threads": {
                    "total": 2.350000000461705e-05,
                    "count": 1,
                    "self": 2.350000000461705e-05,
                    "children": {
                        "thread_root": {
                            "total": 0.0,
                            "count": 0,
                            "is_parallel": true,
                            "self": 0.0,
                            "children": {
                                "trainer_advance": {
                                    "total": 42.84207359999991,