{
    "name": "root",
    "gauges": {
        "KartAgent.Policy.Entropy.mean": {
            "value": 0.991996169090271,
            "min": 0.991996169090271,
            "max": 1.008138656616211,
            "count": 16
        },
        "KartAgent.Policy.ExtrinsicValueEstimate.mean": {
            "value": 0.38274314999580383,
            "min": 0.033482424914836884,
            "max": 0.38274314999580383,
            "count": 16
        },
        "KartAgent.Policy.CuriosityValueEstimate.mean": {
            "value": 0.00457405811175704,
            "min": 0.00457405811175704,
            "max": 0.007340055424720049,
            "count": 16
        },
        "KartAgent.IsTraining.mean": {
            "value": 1.0,
            "min": 1.0,
            "max": 1.0,
            "count": 16
        },
        "KartAgent.Environment.EpisodeLength.mean": {
            "value": 4999.0,
            "min": 4999.0,
            "max": 4999.0,
            "count": 15
        },
        "KartAgent.Losses.PolicyLoss.mean": {
            "value": 0.13562111842446029,
            "min": 0.13380787257312074,
            "max": 0.14236554776939253,
            "count": 15
        },
        "KartAgent.Losses.ValueLoss.mean": {
            "value": 0.008082124470707237,
            "min": 0.00700654904920763,
            "max": 0.026736612636963593,
            "count": 15
        },
        "KartAgent.Policy.LearningRate.mean": {
            "value": 0.00030000000000000003,
            "min": 0.0003,
            "max": 0.00030000000000000003,
            "count": 15
        },
        "KartAgent.Policy.Epsilon.mean": {
            "value": 0.2,
            "min": 0.2,
            "max": 0.20000000000000004,
            "count": 15
        },
        "KartAgent.Policy.Beta.mean": {
            "value": 0.005,
            "min": 0.004999999999999999,
            "max": 0.005,
            "count": 15
        },
        "KartAgent.Losses.CuriosityForwardLoss.mean": {
            "value": 0.002030570442972627,
            "min": 0.0016562692434915031,
            "max": 0.002075193972195848,
            "count": 15
        },
        "KartAgent.Losses.CuriosityInverseLoss.mean": {
            "value": 0.044383675660938024,
            "min": 0.04317691128907932,
            "max": 0.04630736036019193,
            "count": 15
        },
        "KartAgent.Environment.CumulativeReward.mean": {
            "value": 23.99025550566148,
            "min": 13.98710379365366,
            "max": 27.499555376765784,
            "count": 15
        },
        "KartAgent.Policy.ExtrinsicReward.mean": {
            "value": 23.99025550566148,
            "min": 13.98710379365366,
            "max": 27.499555376765784,
            "count": 15
        },
        "KartAgent.Policy.CuriosityReward.mean": {
            "value": 0.18903873060480691,
            "min": 0.0030075306349317543,
            "max": 0.18903873060480691,
            "count": 15
        }
    },
    "metadata": {
        "timer_format_version": "0.1.0",
        "start_time_seconds": "1610056734",
        "python_version": "3.8.6 (tags/v3.8.6:db45529, Sep 23 2020, 15:52:53) [MSC v.1927 64 bit (AMD64)]",
        "command_line_arguments": "C:\\Users\\VandeRyckMarnixstude\\AppData\\Local\\Programs\\Python\\Python38\\Scripts\\mlagents-learn kartAIcing.yml --resume --run-id=test5",
        "mlagents_version": "0.22.0",
        "mlagents_envs_version": "0.22.0",
        "communication_protocol_version": "1.2.0",
        "pytorch_version": "1.7.0",
        "numpy_version": "1.18.5",
        "end_time_seconds": "1610058092"
    },
    "total": 1357.8081308,
    "count": 1,
    "self": 0.27582470000015746,
    "children": {
        "run_training.setup": {
            "total": 0.01435770000000014,
            "count": 1,
            "self": 0.01435770000000014
        },
        "TrainerController.start_learning": {
            "total": 1357.5179484,
            "count": 1,
            "self": 2.450992700011284,
            "children": {
                "TrainerController._reset_env": {
                    "total": 10.3089107,
                    "count": 1,
                    "self": 10.3089107
                },
                "TrainerController.advance": {
                    "total": 1344.6502586999886,
                    "count": 82584,
                    "self": 1.153174999969906,
                    "children": {
                        "env_step": {
                            "total": 1343.4970837000187,
                            "count": 82584,
                            "self": 1093.8414548999958,
                            "children": {
                                "SubprocessEnvManager._take_step": {
                                    "total": 248.4114609000207,
                                    "count": 82584,
                                    "self": 6.304090100026542,
                                    "children": {
                                        "TorchPolicy.evaluate": {
                                            "total": 242.10737079999416,
                                            "count": 82584,
                                            "self": 76.65534459997491,
                                            "children": {
                                                "TorchPolicy.sample_actions": {
                                                    "total": 165.45202620001925,
                                                    "count": 82584,
                                                    "self": 165.45202620001925
                                                }
                                            }
                                        }
                                    }
                                },
                                "workers": {
                                    "total": 1.2441679000022212,
                                    "count": 82583,
                                    "self": 0.0,
                                    "children": {
                                        "worker_root": {
                                            "total": 1345.5798216000137,
                                            "count": 82583,
                                            "is_parallel": true,
                                            "self": 611.4788702000043,
                                            "children": {
                                                "steps_from_proto": {
                                                    "total": 0.0005199999999998539,
                                                    "count": 1,
                                                    "is_parallel": true,
                                                    "self": 0.00013260000000059335,
                                                    "children": {
                                                        "_process_vector_observation": {
                                                            "total": 0.00038739999999926056,
                                                            "count": 4,
                                                            "is_parallel": true,
                                                            "self": 0.00038739999999926056
                                                        }
                                                    }
                                                },
                                                "UnityEnvironment.step": {
                                                    "total": 734.1004314000094,
                                                    "count": 82583,
                                                    "is_parallel": true,
                                                    "self": 6.6377842000465535,